part_name,x_mm,y_mm,z_mm,volume_mm3,status
01_Base_Plate_HeatSet,230.0,190.0,20.0,364643.1,DEFAULT_PRINT_SET
02_LoadCell_Floating_Platform,126.0,82.0,30.0,89763.2,DEFAULT_PRINT_SET
03_Metering_Center_Housing,112.0,66.0,118.0,433998.6,DEFAULT_PRINT_SET
04_Six_Pocket_Rotor_D_Bore,69.604,50.8,70.8,78933.4,DEFAULT_PRINT_SET
05_Drive_Side_Plate_696,104.0,7.0,106.0,75482.3,DEFAULT_PRINT_SET
05_Servo_Side_Plate,104.0,7.0,106.0,70034.7,MG996R_ALTERNATE
06_Bearing_Side_Plate_696,104.0,7.0,106.0,75482.3,DEFAULT_PRINT_SET
07_Bearing_Retainer_Cap,32.0,32.0,3.0,2180.2,DEFAULT_PRINT_SET
08_25T_Hub_to_6mm_D_Shaft_Adapter,34.0,34.0,10.0,8379.9,MG996R_ALTERNATE
09_MG996R_Servo_Cradle,68.0,38.0,54.0,35878.1,MG996R_ALTERNATE
10_Hopper_Adapter_Gasketed,108.0,88.0,32.0,93882.4,DEFAULT_PRINT_SET
11_Hopper_Removable,160.0,160.0,190.0,314337.6,DEFAULT_PRINT_SET
12_Hopper_Lid,166.0,166.0,12.0,150548.0,DEFAULT_PRINT_SET
13_Washable_Feed_Trough_Slide,138.0,80.0,45.0,89256.0,DEFAULT_PRINT_SET
14_Trough_Slide_Rail,84.0,38.0,10.0,13082.2,DEFAULT_PRINT_SET
15_Electronics_Enclosure_M3,104.0,117.0,44.0,92900.9,DEFAULT_PRINT_SET
16_Electronics_Lid,104.0,80.0,4.0,33134.7,DEFAULT_PRINT_SET
17_Wire_Strain_Relief_Clamp,32.0,18.0,8.0,3953.8,DEFAULT_PRINT_SET
18_HeatSet_Insert_Test_Coupon,95.0,34.0,8.0,22429.3,TEST_COUPON
19_Hopper_Gasket_TPU,96.0,86.0,1.8,2505.6,DEFAULT_PRINT_SET
20_LoadCell_Guard,82.0,38.0,34.0,22782.5,DEFAULT_PRINT_SET
21_28BYJ48_Stepper_Mount,64.0,64.0,7.0,26682.4,DEFAULT_PRINT_SET
22_5mm_to_6mm_Shaft_Clamp_Coupler,18.0,18.0,32.0,6800.3,DEFAULT_PRINT_SET
23_ULN2003_Driver_Carrier,44.0,41.0,9.5,5673.8,DEFAULT_PRINT_SET
24_Hall_Sensor_Homing_Bracket,28.0,14.0,22.0,2898.9,DEFAULT_PRINT_SET
25_Rotor_Homing_Magnet_Carrier,14.0,10.0,4.0,504.4,DEFAULT_PRINT_SET
05_Drive_Side_Plate_696,104.0,7.0,106.0,75482.3,DEFAULT_PRINT_SET
