path,bytes,sha256
ASSEMBLY.md,7387,3d63c6a74cb298cec154afe57feac9d45f0a331f841d737c5438b16d7bf82550
BOM.md,5493,23236dc66af3eac6dd22d3042ba7f228c7944e4b14a0162a56fcfa8adb00beee
ELECTRONICS.md,6509,766356f331313f4bbc0e10fb5ed9dea97f32ebeeee6144fdc047657f3d43fbbe
ENGINEERING_CALCULATIONS.md,12887,263bc1ede930b83f42f409c6fc8793ad1937d9a5caa5b14e9cca00377b4108c2
FRAME_MODULAR_NOTES.md,2492,601a589124d9146d815cbd756433a5bd3d3e0592339a2893bcf325ac6ab61e52
PRINT_SETTINGS.md,2442,c39f766ce9581af6228dba49af78a1f9caf237c68ee0b4849218fdf0bccc7938
README.md,6238,bab084e86bb2907913b32ae321aaed6e8ae534056dd88d79df1c79ea9b226504
ROADMAP.md,1822,02910d2f917ca6229733c7dcb64e8ddd87c95a198b7696f0cbd7a82cd689635d
TEST_PLAN.md,3534,0aaf67f96da89af57fa498bed6f8fbc0e13923dc8776c126b48bcf1d09933eeb
assembly_preview.scad,3863,06788d5e5a5d165737639f74fd0b09216db928eb6aa18fda677d084a65975e9f
doorcell_assembly_preview.png,339722,f03d6ac5125ca684dbd8cc763c39ae7e51395584a145e9ed9e5884ec6c7ce4df
openscad/00_parameters.scad,5618,6f55c8f00fcfa4d156db238062a4ce99e9e6481d993a53fbda372fe5d9721542
openscad/controller_box.scad,4664,d1a777e48533e303c9468e25200d52aabba9d6b8c9714a371bb37eef788d2067
openscad/frame_bottom_center.scad,151,c57a04f1cc3820a0cfa4297fa873589185aff2c8649357512cf6a4a75de8e4e2
openscad/frame_bottom_left.scad,149,053561e1352c731a17b4ef6086c020b24f2c4e5b7ac4a467502014c93572c497
openscad/frame_bottom_right.scad,149,65855f2b7ed39b7ba9cf40e3fd363fe7cb08fcd19489dfd3d90b51a891e32b2b
openscad/frame_left_lower.scad,159,a8cd6ba06cbb582fbb39fcc64adfabd46c112e4c93dd9e6b9607e1874f79e231
openscad/frame_left_upper.scad,159,4da0d48fd5e5ec89b597d7f9824c0807eaf2ec29274063d361b184c068ed65b0
openscad/frame_modular_common.scad,5525,95899710cd71018986dd1b10e4ee2b71f647661efd222baa17f1351e2a5c61f9
openscad/frame_right_lower.scad,179,c85d17b915599de1e62b0214f62b40d57950b17a5241ddf4ba1d04f0ca392def
openscad/frame_right_motor_mid.scad,181,b1b52e56ca9bab9b83ef6c80db31040ead7fc0e52d5f6266e3093876111f8d81
openscad/frame_right_upper.scad,179,41ba5bbfec294559d36a77cdda1c599300996b6ad5cd186a9d2d8cbb0bf8e04c
openscad/frame_top_center.scad,145,5d8388c638c097a5a486b3180c7746b03ad1a95a74cbd7974087a52adce979e6
openscad/frame_top_left.scad,143,f56b896af7c5ad40ec72bb24b1fb12d8790ecbca9359dd0b73ea5d0b2bb87881
openscad/frame_top_right.scad,143,5d10ea0f89c9e5df733868d20399b50a4832614b8da7cd3a391d8ba60b57756c
openscad/limit_switch_bracket.scad,400,159db6b24b4b06e206743ef6ce509e7f44782ad7d795361d2206fffe31f00d38
openscad/manual_release_cover.scad,260,ad8cbe957b89bc86d728066a73f96df978144a3e5127959969bcb784d4dfd272
openscad/motor_mount.scad,1484,a595c74622213456881615f6590136ce841b7c27e40937adbd3899d1621ac9f3
openscad/pinion_gear.scad,1554,b4a2886d0e71b2efaf18c683ebc73b5f9cf63713172a4742ce311382c28ce1d4
openscad/rack_strip.scad,257,2e7efc78f1f61e165e5cb903ef1d1fc89277dad68786967e6cdac9ccf4c5a43d
openscad/sliding_door_left_lower.scad,94,27c3190cad57962330015d95342b79c858ca12d7195dc967d9b3a050f15d772f
openscad/sliding_door_left_upper.scad,94,10f7e731fa5678585bd6a3b91eb1bbc93809114af177857b184ad10e8ad02446
openscad/sliding_door_modular_common.scad,2285,e832aa7d6338bf46ee027fcb2559892e073d916206ed6c2784c0f1f5c2b4cbcb
openscad/sliding_door_right_lower.scad,95,7ef2ed76a6e8844592fe26feb8c182b1979c573b845720abbf8309a2808b6382
openscad/sliding_door_right_upper.scad,95,977384d2f6e9f541a02c89adf79c205cbd60e94379d9bb2c345ad863400eb499
openscad/solar_ball_mount_base.scad,499,8da18cf34aa78e97a7ee985b7e32f4bd6efdb094f73d6241856ab905acd147b5
openscad/solar_ball_socket_clamp_half.scad,809,4406c5149ab37b9695bf67d5782e24bd94f858245f15ae508401d426aa0a3dd1
openscad/solar_panel_back_tray.scad,1190,7d2beebf022c0dcfee88953bb3b656da9a1d0fa3b05632332ce053589e158da7
openscad/solar_panel_front_bezel.scad,662,e208cffa52fa94175e28d218265299cba7974c73c1e43b243f1c7ac9ec134933
render_assembly_preview.py,6517,a8d55a766cad2b271b9e28857e78f3f104a05ed7b4e5cce23d060dfc410a9ce5
stl/controller_box.stl,962950,7cf92ba83e912d8e4ab5b7299107cb1711fa2912a3b66414d413670f4f35e2d7
stl/frame_bottom_center.stl,134029,d4c31cb8028307a005c1d50713136a85dac209d7ae0deb006a0a035aa81783e0
stl/frame_bottom_left.stl,103121,dfdd0284b07ef2f86d935223601c3f0d5bf6fae8c06a99dc1718ad0ea9b297a1
stl/frame_bottom_right.stl,102081,57e126651f8750c2516a7c8f5e2fcf8ee11f648a83a007a26a1ed134ed10466c
stl/frame_left_lower.stl,100480,a1d9667c7e69da013febe38b338253f7f38de175bd1245b21883767f109b7bef
stl/frame_left_upper.stl,85520,fbd1812d474e011dc1fe600c68f05f524078e19d67dfdaea2a99005aec88cd74
stl/frame_right_lower.stl,102145,4e592e1dd380cf3060235c639472ab67ac6061c970258fff82b7a5d738c9842c
stl/frame_right_motor_mid.stl,128978,6982d72427ad8d690f1a217747fd061810d2ef7ed109fc864a35988d541583fd
stl/frame_right_upper.stl,87749,0e7c2f84cc917e9242e7baf4059182f368d086f4ae5954819e8ff5de9aa1c7d1
stl/frame_top_center.stl,127742,a17b781e0cb3b61e9b05b54d02793e54fcaff1a976a95d02b599257f6df20ddb
stl/frame_top_left.stl,96833,389d3de6f6675d1be380be0399fa454d1bb8581240e0e3ce3a3f6c4cd0b24968
stl/frame_top_right.stl,95794,7fdb810e2e8e809bef8b3a926f82fd52b6a232db92d6d8adbe7db3023d69cc32
stl/limit_switch_bracket.stl,71701,834aae039f531f76093d885c31cc83295e0a7debc74084ab2c999c3963142d92
stl/manual_release_cover.stl,105390,ac16a1a27869a4b44bead380a8d509068d8a1e33a3c7f95e0f8859fc98bc0e78
stl/motor_mount.stl,205576,13059753b9921793394303e366d9872b5f50b616f7f4fe0606fca65d92017c13
stl/pinion_gear.stl,124966,0049f94d29e0b5814e90177e5665ad794645b70ebc1ebe45f656e140d5d8b606
stl/rack_strip.stl,79558,0a872b3aed8c46483f288d04b76e9df67c3acfba2d964e8c6e896b8f46fb4ad5
stl/sliding_door_left_lower.stl,146956,d8f3cb94b76140d7c44873a017b10fd7593ca1d35138c3c8d7950ffaade102c7
stl/sliding_door_left_upper.stl,86336,ac9e59e723fc8ac47d8109536db4f190cbdb9202b9c22505ef20100bd5f77e5c
stl/sliding_door_right_lower.stl,146648,de6f45a4d3e51c8624538fb6d5556fe03337f967965d26813be9e6cd47975fd1
stl/sliding_door_right_upper.stl,86016,a4f797c9736e10613849069903cdcc45c6edd4c28fb13582de6cdca4693939bf
stl/solar_ball_mount_base.stl,701888,466569a35cb376f91638fbba8bd328323d81c219c32eb8232c9051af67a5b3f3
stl/solar_ball_socket_clamp_half.stl,453428,7723ccfa17f2c55f469779c9b558d5f06f9a1801139c0e01b0b4748fc1f10b8d
stl/solar_panel_back_tray.stl,41438,818e940d3acd623bad1989124a9f4d074e67d09463257080b9df880354391dc1
stl/solar_panel_front_bezel.stl,76412,40b28c437ffbec4370d72d085fc26540517e1a07555271a7849c7af950bcaa10
