part_name,x_mm,y_mm,z_mm,volume_mm3,solid_count,source
01_Base_Plate_HeatSet,230.0,190.0,20.0,364643.0619901187,1,CAD/STEP/01_Base_Plate_HeatSet.step
02_LoadCell_Floating_Platform,126.0,82.0,30.0,89763.15908677079,1,CAD/STEP/02_LoadCell_Floating_Platform.step
03_Metering_Center_Housing,112.0,66.0000002,118.00000019999999,433998.62038498884,1,CAD/STEP/03_Metering_Center_Housing.step
04_Six_Pocket_Rotor_D_Bore,69.60372433792602,50.800000200000014,70.80000019999208,78933.35182669466,1,CAD/STEP/04_Six_Pocket_Rotor_D_Bore.step
05_Drive_Side_Plate_696,104.0,7.0,106.0,75482.28974313982,1,CAD/STEP/05_Drive_Side_Plate_696.step
05_Servo_Side_Plate,104.0,7.0,106.0,70034.73113668524,1,CAD/STEP/05_Servo_Side_Plate.step
06_Bearing_Side_Plate_696,104.0,7.0,106.0,75482.28974313982,1,CAD/STEP/06_Bearing_Side_Plate_696.step
07_Bearing_Retainer_Cap,32.0,32.0,3.0,2180.233885664855,1,CAD/STEP/07_Bearing_Retainer_Cap.step
08_25T_Hub_to_6mm_D_Shaft_Adapter,34.0000002,34.0000002,10.000000199999999,8379.93207852559,1,CAD/STEP/08_25T_Hub_to_6mm_D_Shaft_Adapter.step
09_MG996R_Servo_Cradle,68.0,38.0,54.0,35878.099133547,1,CAD/STEP/09_MG996R_Servo_Cradle.step
10_Hopper_Adapter_Gasketed,108.0,88.0,32.0,93882.36805567768,1,CAD/STEP/10_Hopper_Adapter_Gasketed.step
11_Hopper_Removable,160.0000002,160.0000002,190.00000020000002,314337.58395397366,1,CAD/STEP/11_Hopper_Removable.step
12_Hopper_Lid,166.0,166.0,12.0,150548.0,1,CAD/STEP/12_Hopper_Lid.step
13_Washable_Feed_Trough_Slide,138.0,80.0,45.0,89256.0,1,CAD/STEP/13_Washable_Feed_Trough_Slide.step
14_Trough_Slide_Rail,84.0,38.0,10.0,13082.150546417422,1,CAD/STEP/14_Trough_Slide_Rail.step
15_Electronics_Enclosure_M3,104.0,117.0,44.0,92900.87046602678,1,CAD/STEP/15_Electronics_Enclosure_M3.step
16_Electronics_Lid,104.0,80.0,4.0,33134.73275569801,1,CAD/STEP/16_Electronics_Lid.step
17_Wire_Strain_Relief_Clamp,32.0,18.0,8.0,3953.7947458164535,1,CAD/STEP/17_Wire_Strain_Relief_Clamp.step
18_HeatSet_Insert_Test_Coupon,95.0,34.0,8.0,22429.31422766699,1,CAD/STEP/18_HeatSet_Insert_Test_Coupon.step
19_Hopper_Gasket_TPU,96.0,86.0,1.8,2505.6,1,CAD/STEP/19_Hopper_Gasket_TPU.step
20_LoadCell_Guard,82.0,38.0,34.0,22782.50672900167,1,CAD/STEP/20_LoadCell_Guard.step
21_28BYJ48_Stepper_Mount,64.0,64.0,7.0,26682.405810536606,1,CAD/STEP/21_28BYJ48_Stepper_Mount.step
22_5mm_to_6mm_Shaft_Clamp_Coupler,18.000000236540796,18.0000002,32.0000002,6800.281500013356,1,CAD/STEP/22_5mm_to_6mm_Shaft_Clamp_Coupler.step
23_ULN2003_Driver_Carrier,44.0,41.0,9.5,5673.773410757954,1,CAD/STEP/23_ULN2003_Driver_Carrier.step
24_Hall_Sensor_Homing_Bracket,28.0,14.0,22.0,2898.8911612357574,1,CAD/STEP/24_Hall_Sensor_Homing_Bracket.step
25_Rotor_Homing_Magnet_Carrier,14.0,10.0,4.0,504.38124366084185,1,CAD/STEP/25_Rotor_Homing_Magnet_Carrier.step
05_Drive_Side_Plate_696,104.0,7.0,106.0,75482.28974313982,1,CAD/STEP/05_Drive_Side_Plate_696.step
