type,name,start,end,start_tc_30fps,notes
section,"Intro (instrumental)",0.00,14.20,00:00:00:00,
section,"Verse 1",14.20,48.30,00:00:14:06,
section,"Pre-chorus 1",48.30,56.10,00:00:48:09,
section,"Chorus 1",56.10,91.40,00:00:56:03,
section,"Verse 2",91.40,125.40,00:01:31:12,
section,"Pre-chorus 2",125.40,133.10,00:02:05:12,
section,"Chorus 2",133.10,169.70,00:02:13:03,
section,"Bridge",169.70,194.40,00:02:49:21,
section,"Break",194.40,198.40,00:03:14:12,
section,"Final chorus",198.40,220.30,00:03:18:12,
section,"Outro / end card",220.30,224.88,00:03:40:09,
shot,S01,0.00,7.10,00:00:00:00,"OS /demo [hero3d]"
shot,S02,7.10,14.20,00:00:07:03,"OS /demo [hero2d]"
shot,S03,14.20,18.46,00:00:14:06,"OS /chicken-tender?section=coop [page]"
shot,S04,18.46,22.73,00:00:18:13,"OS /schedules [page]"
shot,S05,22.73,26.99,00:00:22:21,"OS /chicken-tender?section=feed [page]"
shot,S06,26.99,31.25,00:00:26:29,"OS /layout [viewer]"
shot,S07,31.25,35.51,00:00:31:07,"OS /flock [page]"
shot,S08,35.51,39.78,00:00:35:15,"OS /layout [viewer2d]"
shot,S09,39.78,44.04,00:00:39:23,"OS /layout [viewer2d]"
shot,S10,44.04,48.30,00:00:44:01,"OS /demo [hero3d]"
shot,S11,48.30,50.25,00:00:48:09,"OS /chicken-tender?section=coop [page]"
shot,S12,50.25,52.20,00:00:50:07,"OS /demo [hero3d]"
shot,S13,52.20,54.15,00:00:52:06,"OS /chicken-eye [page]"
shot,S14,54.15,56.10,00:00:54:04,"OS /chicken-tender?section=robot [page]"
shot,S15,56.10,58.00,00:00:56:03,"OS /demo [hero3d]"
shot,S16,58.00,61.70,00:00:58:00,"OS /chicken-tender?section=coop [page]"
shot,S17,61.70,65.40,00:01:01:21,"OS /duck-dock [page]"
shot,S18,65.40,69.10,00:01:05:12,"OS /roaming-roost [page]"
shot,S19,69.10,72.80,00:01:09:03,"OS /demo [hero3d]"
shot,S20,72.80,76.50,00:01:12:24,"OS /missions [page]"
shot,S21,76.50,80.20,00:01:16:15,"OS /dashboard [page]"
shot,S22,80.20,83.90,00:01:20:06,"WEB /4h [page]"
shot,S23,83.90,87.60,00:01:23:27,"OS /chicken-tender?section=robot [page]"
shot,S24,87.60,89.50,00:01:27:18,"OS /demo [hero3d]"
shot,S25,89.50,91.40,00:01:29:15,"OS /demo [hero2d]"
shot,S26,91.40,95.65,00:01:31:12,"OS /egg-map [page]"
shot,S27,95.65,99.90,00:01:35:19,"OS /egg-map [page]"
shot,S28,99.90,104.15,00:01:39:27,"OS /sensors [page]"
shot,S29,104.15,108.40,00:01:44:04,"OS /predator-monitor [page]"
shot,S30,108.40,112.65,00:01:48:12,"WEB /science-fair [page]"
shot,S31,112.65,116.90,00:01:52:19,"OS /projects [page]"
shot,S32,116.90,121.15,00:01:56:27,"WEB /developers [page]"
shot,S33,121.15,125.40,00:02:01:04,"OS /projects [page]"
shot,S34,125.40,127.33,00:02:05:12,"WEB /open-source [page]"
shot,S35,127.33,129.25,00:02:07:09,"WEB /os [page]"
shot,S36,129.25,131.18,00:02:09:07,"OS /library [page]"
shot,S37,131.18,133.10,00:02:11:05,"OS /demo [hero3d]"
shot,S38,133.10,135.00,00:02:13:03,"OS /layout [viewer]"
shot,S39,135.00,138.70,00:02:15:00,"OS /chicken-tender?section=eggs [page]"
shot,S40,138.70,142.40,00:02:18:21,"OS /watershed [page]"
shot,S41,142.40,146.10,00:02:22:12,"OS /layout [viewer2d]"
shot,S42,146.10,149.80,00:02:26:03,"OS /demo [hero3d]"
shot,S43,149.80,153.50,00:02:29:24,"OS /simulator [trigger]"
shot,S44,153.50,157.20,00:02:33:15,"OS /mowers [page]"
shot,S45,157.20,160.90,00:02:37:06,"WEB /schools [page]"
shot,S46,160.90,164.60,00:02:40:27,"OS /weed-patrol [page]"
shot,S47,164.60,167.15,00:02:44:18,"OS /layout [viewer]"
shot,S48,167.15,169.70,00:02:47:04,"OS /demo [hero2d]"
shot,S49,169.70,172.79,00:02:49:21,"OS /chicken-tender?section=robot [page]"
shot,S50,172.79,175.88,00:02:52:23,"OS /chicken-eye [page]"
shot,S51,175.88,178.96,00:02:55:26,"OS /predator-monitor [page]"
shot,S52,178.96,182.05,00:02:58:28,"OS /weed-patrol [page]"
shot,S53,182.05,185.14,00:03:02:01,"OS /layout [viewer2d]"
shot,S54,185.14,188.23,00:03:05:04,"OS /mowers [page]"
shot,S55,188.23,191.31,00:03:08:06,"OS /projects [page]"
shot,S56,191.31,194.40,00:03:11:09,"OS /demo [hero3d]"
shot,S57,194.40,198.40,00:03:14:12,"OS /demo [hero2d]"
shot,S58,198.40,199.31,00:03:18:12,"OS /chicken-tender?section=coop [page]"
shot,S59,199.31,200.23,00:03:19:09,"OS /duck-dock [page]"
shot,S60,200.23,201.14,00:03:20:06,"OS /roaming-roost [page]"
shot,S61,201.14,202.05,00:03:21:04,"OS /demo [hero3d]"
shot,S62,202.05,202.96,00:03:22:01,"OS /chicken-tender?section=robot [page]"
shot,S63,202.96,203.88,00:03:22:28,"OS /duck-dock [page]"
shot,S64,203.88,204.79,00:03:23:26,"OS /layout [viewer]"
shot,S65,204.79,205.70,00:03:24:23,"OS /demo [hero2d]"
shot,S66,205.70,209.35,00:03:25:21,"OS /demo [hero3d]"
shot,S67,209.35,213.00,00:03:29:10,"OS /layout [viewer]"
shot,S68,213.00,216.65,00:03:33:00,"OS /demo [hero2d]"
shot,S69,216.65,220.30,00:03:36:19,"OS /demo [hero3d]"
shot,S70,220.30,224.88,00:03:40:09,"CARD"
